,formation,Linear mean cost,Linear mean points,n linear,Non linear cost,Non linear points,Non linear n
0,"[3, 4, 3]","[325.66666667 325.33333333 325.         ... 149.         149.
 148.66666667]","[748.66666667 743.66666667 739.33333333 ... 110.33333333 102.33333333
  93.66666667]",3,"[281.66666667 281.         281.33333333 ... 150.         149.33333333
 149.66666667]","[679.66666667 677.33333333 674.66666667 ... 123.         119.66666667
 118.66666667]",3
