,Linear mean cost,Linear mean points,n linear,Non linear cost,Non linear points,Non linear n
0,664.4630256703198,1514.897184745034,679228,612.0454415040402,1346.5327978528614,766788
